﻿<?xml version="1.0" encoding="UTF-8"?>
<root version="751.1">
  <ID1 md5="4920" resname="hero_shooter_skin_high_add" />
  <ID2 md5="85bd" resname="Atlas_Activity_LatinAmerica_NewPlayerTrial_add" />
  <ID3 md5="854f" resname="UI_Activity_LatinAmerica_newbie" />
  <ID4 md5="d0f5" resname="UI_Activity_LatinAmerica_NewPlayerTrial" />
  <ID5 md5="1784" resname="UI_FriendList_Fortifications" />
  <ID6 md5="8429" resname="UI_Activity_LatinAmerica_newbielogin_V1" />
  <ID7 md5="709b" resname="hero_xinghunfashi_skin" />
  <ID8 md5="2d4a" resname="Override_Layla_LA_Act2_add" />
  <ID9 md5="c38f" resname="hero_alchemist" />
  <ID10 md5="5874" resname="hero_julian_skin" />
  <ID11 md5="4eb8" resname="hero_Leomord" />
  <ID12 md5="aa18" resname="hero_Vexana" />
  <ID13 md5="6b6e" resname="Atlas_NewPuzzle01_fullsc_add" />
  <ID14 md5="54d3" resname="Atlas_NewPuzzle_fullsc_add" />
  <ID15 md5="062d" resname="vo_1071.bnk" />
  <ID16 md5="350a" resname="PVP049_shiye_bullet_add" />
  <ID17 md5="a75f" resname="zzp2_PVP049_shiye_bullet_add" />
  <ID18 md5="e75e" resname="UI_ActivityCharge11" />
  <ID19 md5="19fe" resname="UI_Activity_NewBeeTraining_fullsc" />
  <ID20 md5="de2f" resname="UI_Activity_NewBeeTraining_fullsc_LatinAmerica" />
  <ID21 md5="2529" resname="UI_Activity_newbielogin" />
  <ID22 md5="cdf9" resname="UI_Activity_NewPlayerTrial" />
  <ID23 md5="3f48" resname="UI_Activity_ThemeBattle_Main" />
  <ID24 md5="f874" resname="UI_ActStarWars01_add" />
  <ID25 md5="05b8" resname="UI_ActStarWarsShop02_add" />
  <ID26 md5="6730" resname="UI_ActStarWarsShop_add" />
  <ID27 md5="2550" resname="UI_ActStarWars_add" />
  <ID28 md5="41ec" resname="UI_EmblemLottery" />
  <ID29 md5="cbb6" resname="UI_LotteryNew" />
  <ID30 md5="2515" resname="UI_NewShowcase2_add" />
  <ID31 md5="decc" resname="UI_PrepareWar_Arcade" />
  <ID32 md5="af2e" resname="UI_ThemeLotteryAlpha_add" />
  <ID33 md5="5d3a" resname="UI_ThemeLotteryChou_add" />
  <ID34 md5="440d" resname="UI_ThemeLotteryEsm_add" />
  <ID35 md5="57fc" resname="UI_ThemeLotterySailinna_add" />
  <ID36 md5="fc9f" resname="UI_ThemeLotteryVale_add" />
  <ID37 md5="19a7" resname="UI_ThemeLottery_add" />
  <ID38 md5="f637" resname="hero_Moskov_skin" />
  <ID39 md5="6c2e" resname="hero_Vexana_skin" />
  <ID40 md5="364c" resname="hero_Leomord_skin" />
  <ID41 md5="b207" resname="hero_alchemist_skin" />
  <ID42 md5="e1e1" resname="hero_zeo_skin" />
  <ID43 md5="d631" resname="TeamColor_nana_skill2_quan" />
  <ID44 md5="4f31" resname="Lapu_skill01_xiao_l" />
  <ID45 md5="83af" resname="Lapu_skill01_xiao_r" />
  <ID46 md5="5a29" resname="next_vexana_attack_bullet" />
  <ID47 md5="16ba" resname="next_vexana_attack_fire" />
  <ID48 md5="1967" resname="next_vexana_attack_hit" />
  <ID49 md5="66a4" resname="next_vexana_skill01_aoe" />
  <ID50 md5="fb38" resname="next_vexana_skill01_bullet" />
  <ID51 md5="89d3" resname="next_vexana_skill01_fire" />
  <ID52 md5="c6a5" resname="next_vexana_skill01_hit" />
  <ID53 md5="06e8" resname="next_vexana_skill01_keep" />
  <ID54 md5="37e0" resname="next_vexana_skill01_warning" />
  <ID55 md5="7193" resname="next_vexana_skill02_burst01" />
  <ID56 md5="05de" resname="next_vexana_skill02_burst02" />
  <ID57 md5="95b3" resname="next_vexana_skill02_fire" />
  <ID58 md5="2048" resname="next_vexana_skill02_warning01" />
  <ID59 md5="83d0" resname="next_vexana_skill02_warning01_02" />
  <ID60 md5="a6fd" resname="next_vexana_skill02_warning02" />
  <ID61 md5="b03c" resname="next_vexana_skill02_warning02_02" />
  <ID62 md5="ea92" resname="next_vexana_skill02_warning03" />
  <ID63 md5="e5aa" resname="next_vexana_skill03_aoe" />
  <ID64 md5="ed2e" resname="next_vexana_skill03_attack01" />
  <ID65 md5="5de1" resname="next_vexana_skill03_attack02" />
  <ID66 md5="b8f0" resname="next_vexana_skill03_bullet" />
  <ID67 md5="f801" resname="next_vexana_skill03_down" />
  <ID68 md5="56bb" resname="next_vexana_skill03_fire" />
  <ID69 md5="d5ec" resname="next_vexana_skill03_hit" />
  <ID70 md5="469f" resname="next_vexana_skill03_up" />
  <ID71 md5="a26b" resname="next_vexana_skill03_warning" />
  <ID72 md5="7a34" resname="next_vexana_skill03_warning02" />
  <ID73 md5="5e51" resname="next_vexana_skill04_burst" />
  <ID74 md5="c29b" resname="next_vexana_skill04_icon" />
  <ID75 md5="5dde" resname="vexana_skill3_diyuhuo" />
  <ID76 md5="01e1" resname="hero_selena_skill02_eye" />
  <ID77 md5="4396" resname="next_leomord_attack01" />
  <ID78 md5="07ee" resname="next_leomord_attack02" />
  <ID79 md5="ad74" resname="next_leomord_attack03" />
  <ID80 md5="1b98" resname="next_leomord_attack04" />
  <ID81 md5="d876" resname="next_leomord_attack04_hit" />
  <ID82 md5="23bb" resname="next_leomord_attack05" />
  <ID83 md5="33d1" resname="next_leomord_attack_fanwei" />
  <ID84 md5="a51a" resname="next_leomord_attack_hit" />
  <ID85 md5="57ce" resname="next_leomord_dumiao" />
  <ID86 md5="d56e" resname="next_leomord_hudun" />
  <ID87 md5="c24d" resname="next_leomord_skill01_fire01" />
  <ID88 md5="1ce7" resname="next_leomord_skill01_fire02" />
  <ID89 md5="36a8" resname="next_leomord_skill01_fire02_1" />
  <ID90 md5="6dba" resname="next_leomord_skill01_fire02_2" />
  <ID91 md5="7862" resname="next_leomord_skill01_fire02_3" />
  <ID92 md5="85b6" resname="next_leomord_skill01_start01" />
  <ID93 md5="9d4f" resname="next_leomord_skill01_tishi01" />
  <ID94 md5="ef04" resname="next_leomord_skill02_fire01" />
  <ID95 md5="b860" resname="next_leomord_skill02_fire02" />
  <ID96 md5="1c69" resname="next_leomord_skill02_hit" />
  <ID97 md5="2a33" resname="next_leomord_skill02_yuandi" />
  <ID98 md5="4af9" resname="next_leomord_skill03_chuxian" />
  <ID99 md5="0d87" resname="next_leomord_skill03_fire01" />
  <ID100 md5="d571" resname="next_leomord_skill03_ma01" />
  <ID101 md5="4424" resname="next_leomord_skill03_tishi01" />
  <ID102 md5="60b2" resname="next_leomord_skill03_xiama" />
  <ID103 md5="5df8" resname="next_leomord_skill03_xiaoshi" />
  <ID104 md5="4377" resname="next_leomord_skill04_keep" />
  <ID105 md5="a3ba" resname="nextalchemist_attack_bullet01" />
  <ID106 md5="06ae" resname="nextalchemist_attack_hit01" />
  <ID107 md5="edd9" resname="nextalchemist_beidong_Friend_fuhuo" />
  <ID108 md5="b15b" resname="nextalchemist_beidong_UI" />
  <ID109 md5="9ce0" resname="nextalchemist_dead_beidong_bullet" />
  <ID110 md5="f1f2" resname="nextalchemist_dead_beidong_xishou" />
  <ID111 md5="6d8f" resname="nextalchemist_dead_beidong_youhun" />
  <ID112 md5="64c5" resname="nextalchemist_skill01_anying" />
  <ID113 md5="de61" resname="nextalchemist_skill01_anying_end" />
  <ID114 md5="5e78" resname="nextalchemist_skill01_anying_start" />
  <ID115 md5="90a0" resname="nextalchemist_skill01_hand" />
  <ID116 md5="3369" resname="nextalchemist_skill01_hand_end" />
  <ID117 md5="261b" resname="nextalchemist_skill01_hand_zhua" />
  <ID118 md5="a1cb" resname="nextalchemist_skill01_kong01" />
  <ID119 md5="6ae6" resname="nextalchemist_skill01_ring" />
  <ID120 md5="5989" resname="nextalchemist_skill02_bullet" />
  <ID121 md5="9d22" resname="nextalchemist_skill02_bullet01" />
  <ID122 md5="044b" resname="nextalchemist_skill02_Enemy_hit" />
  <ID123 md5="6faf" resname="nextalchemist_skill02_fire" />
  <ID124 md5="f7c3" resname="nextalchemist_skill02_hit01" />
  <ID125 md5="a127" resname="nextalchemist_skill02_qishou" />
  <ID126 md5="c57c" resname="nextalchemist_skill03_01" />
  <ID127 md5="064b" resname="nextalchemist_skill03_Friend_hit01" />
  <ID128 md5="03bf" resname="nextalchemist_skill03_Friend_hit02" />
  <ID129 md5="ae2e" resname="nextalchemist_skill03_Friend_hit03" />
  <ID130 md5="c6a9" resname="nextalchemist_skill03_Friend_keep" />
  <ID131 md5="68ad" resname="nextalchemist_skill03_keep" />
  <ID132 md5="5ed0" resname="vo_1025.bnk" />
  <ID133 md5="d603" resname="zzp_vo_1025.bnk" />
  <ID134 md5="e7df" resname="vo_1058.bnk" />
  <ID135 md5="7138" resname="zzp_vo_1071.bnk" />
  <ID136 md5="d620" resname="vo_1086.bnk" />
  <ID137 md5="3b9e" resname="zzp_vo_1086.bnk" />
  <ID138 md5="de7a" resname="vo_1215.bnk" />
  <ID139 md5="67aa" resname="vo_1216.bnk" />
  <ID140 md5="0810" resname="vo_1316.bnk" />
  <ID141 md5="3e20" resname="zzp_vo_1316.bnk" />
  <ID142 md5="308f" resname="vo_1393.bnk" />
  <ID143 md5="226f" resname="zzp_vo_1393.bnk" />
  <ID144 md5="da56" resname="vo_1397.bnk" />
  <ID145 md5="0074" resname="vo_1398.bnk" />
  <ID146 md5="b0cb" resname="vo_1399.bnk" />
  <ID147 md5="fde2" resname="vo_1427.bnk" />
  <ID148 md5="70ec" resname="vo_1633.bnk" />
  <ID149 md5="de22" resname="vo_1687.bnk" />
  <ID150 md5="17bb" resname="zzp_vo_1687.bnk" />
  <ID151 md5="6660" resname="vo_1981.bnk" />
  <ID152 md5="589f" resname="vo_1991.bnk" />
  <ID153 md5="ee38" resname="zzp_vo_1991.bnk" />
  <ID154 md5="92a1" resname="vo_2001.bnk" />
  <ID155 md5="4808" resname="vo_2021.bnk" />
  <ID156 md5="4a10" resname="vo_2031.bnk" />
  <ID157 md5="422d" resname="vo_2033.bnk" />
  <ID158 md5="de38" resname="vo_2161.bnk" />
  <ID159 md5="a06b" resname="vo_101610.bnk" />
  <ID160 md5="d6aa" resname="zzp_vo_101610.bnk" />
  <ID161 md5="f037" resname="sfx_101610.bnk" />
  <ID162 md5="8bc5" resname="sfx_1381.bnk" />
  <ID163 md5="52d8" resname="gift_new_gongneng_lengque_add" />
  <ID164 md5="bee4" resname="gift_new_gongneng_shangjin_add" />
  <ID165 md5="5fea" resname="gift_new_shengguangbihu_add" />
  <ID166 md5="3499" resname="gift_new_shengguangchongji_add" />
  <ID167 md5="1522" resname="gift_new_shenguangzhicai_hit02_add" />
  <ID168 md5="9653" resname="gift_new_shenguangzhicai_keep_add" />
  <ID169 md5="1b84" resname="gift_new_shenshengdaji_hit02_add" />
  <ID170 md5="4477" resname="gift_new_shenshengdaji_hit_add" />
  <ID171 md5="014a" resname="next_vexana_skill03_keep" />
  <ID172 md5="3fea" resname="gift_new_gongneng_jishen01_add" />
  <ID173 md5="e36b" resname="gift_new_gongneng_jishen02_add" />
  <ID174 md5="8e92" resname="werewolf_taunt_1_skin08_add" />
  <ID175 md5="6e1f" resname="werewolf_taunt_2_skin08_add" />
  <ID176 md5="4ca8" resname="hero_alchemist_skin_high_add" />
  <ID177 md5="18e7" resname="hero_Idun_skin_high_add" />
  <ID178 md5="053c" resname="hero_Melissa_skin_high_add" />
  <ID179 md5="f99f" resname="show_vo_1025.bnk" />
  <ID180 md5="cdc6" resname="show_vo_1026.bnk" />
  <ID181 md5="02bb" resname="show_vo_1058.bnk" />
  <ID182 md5="0bba" resname="show_vo_1071.bnk" />
  <ID183 md5="5aa0" resname="show_vo_1086.bnk" />
  <ID184 md5="26b6" resname="show_vo_1141.bnk" />
  <ID185 md5="dda1" resname="show_vo_1163.bnk" />
  <ID186 md5="b3e0" resname="show_vo_1166.bnk" />
  <ID187 md5="b118" resname="show_vo_1215.bnk" />
  <ID188 md5="6946" resname="show_vo_1216.bnk" />
  <ID189 md5="6c40" resname="show_vo_1218.bnk" />
  <ID190 md5="8a94" resname="show_vo_1243.bnk" />
  <ID191 md5="61f5" resname="show_vo_1313.bnk" />
  <ID192 md5="c344" resname="show_vo_1315.bnk" />
  <ID193 md5="ba76" resname="show_vo_1316.bnk" />
  <ID194 md5="c0b6" resname="show_vo_1393.bnk" />
  <ID195 md5="8e87" resname="show_vo_1397.bnk" />
  <ID196 md5="7b21" resname="show_vo_1398.bnk" />
  <ID197 md5="0f3e" resname="show_vo_1424.bnk" />
  <ID198 md5="fd87" resname="show_vo_1427.bnk" />
  <ID199 md5="e009" resname="show_vo_1554.bnk" />
  <ID200 md5="26ab" resname="show_vo_1633.bnk" />
  <ID201 md5="959d" resname="show_vo_1687.bnk" />
  <ID202 md5="4c85" resname="show_vo_1688.bnk" />
  <ID203 md5="6aba" resname="show_vo_1791.bnk" />
  <ID204 md5="d78c" resname="show_vo_1816.bnk" />
  <ID205 md5="9c78" resname="show_vo_1981.bnk" />
  <ID206 md5="ae21" resname="show_vo_1991.bnk" />
  <ID207 md5="a0c6" resname="show_vo_2001.bnk" />
  <ID208 md5="fcc8" resname="show_vo_2021.bnk" />
  <ID209 md5="2819" resname="show_vo_2031.bnk" />
  <ID210 md5="7968" resname="show_vo_2033.bnk" />
  <ID211 md5="da75" resname="show_vo_101610.bnk" />
  <ID212 md5="f038" resname="Hero381_add" />
  <ID213 md5="fda7" resname="Atlas_ActivityThemeLottery11_add" />
  <ID214 md5="c129" resname="Atlas_Activity_DiscountHero_fullsc_add" />
  <ID215 md5="ba15" resname="Atlas_HeadFrame07_add" />
  <ID216 md5="c47b" resname="Atlas_LotteryNew01_add" />
  <ID217 md5="89e2" resname="Atlas_Lottery_add" />
  <ID218 md5="b2c9" resname="Atlas_minimap_add" />
  <ID219 md5="ba44" resname="Atlas_NewShowcase12_add" />
  <ID220 md5="f3c4" resname="Atlas_StarWarsPhase3_add" />
  <ID221 md5="9c8e" resname="Fx_effect_choujiang_extra_add" />
  <ID222 md5="29f3" resname="FX_UI_Activity_ThemeBattle_Main_AwardItem01_add" />
  <ID223 md5="5249" resname="FX_UI_Activity_ThemeBattle_Main_taskBg_add" />
  <ID224 md5="a080" resname="FX_UI_effect_LatinAmerica_newbielogin04_add" />
  <ID225 md5="cab5" resname="FX_UI_LegendaryRoadLevenl3_add" />
  <ID226 md5="7aea" resname="ui_effect_Activity_2021515Main_add" />
  <ID227 md5="bbb4" resname="ui_effect_AttackTower_add" />
  <ID228 md5="935b" resname="ui_effect_dianji_left_add" />
  <ID229 md5="9092" resname="ui_effect_dianji_right_add" />
  <ID230 md5="1e67" resname="ui_effect_equip_zhuan_add" />
  <ID231 md5="d8fa" resname="ui_feiji_add" />
  <ID232 md5="20dc" resname="zzp1_Fx_effect_choujiang_extra_add" />
  <ID233 md5="d76f" resname="zzp1_ui_effect_dianji_left_add" />
  <ID234 md5="8a70" resname="zzp1_ui_effect_dianji_right_add" />
  <ID235 md5="2b7e" resname="zzp2_Fx_effect_choujiang_extra_add" />
  <ID236 md5="e6f9" resname="fasha_beidong_skin01_add" />
  <ID237 md5="0442" resname="Hero195_add" />
  <ID238 md5="7910" resname="Hero263_add" />
  <ID239 md5="8442" resname="Hero355_add" />
  <ID240 md5="848c" resname="Hero365_add" />
  <ID241 md5="2d4a" resname="Hero435_add" />
  <ID242 md5="a7c0" resname="Hero466_add" />
  <ID243 md5="ab2d" resname="Hero476_add" />
  <ID244 md5="93d7" resname="Hero504_add" />
  <ID245 md5="1304" resname="Hero515_add" />
  <ID246 md5="5e65" resname="Hero585_add" />
  <ID247 md5="c33c" resname="Hero634_add" />
  <ID248 md5="9f8c" resname="Hero685_add" />
  <ID249 md5="5885" resname="Hero774_add" />
  <ID250 md5="e6aa" resname="Hero816_add" />
  <ID251 md5="25ff" resname="Hero107_add" />
  <ID252 md5="a2fb" resname="Hero145_add" />
  <ID253 md5="b31a" resname="Hero163_add" />
  <ID254 md5="db3b" resname="Hero318_add" />
  <ID255 md5="dee5" resname="Hero346_add" />
  <ID256 md5="3177" resname="Hero477_add" />
  <ID257 md5="63d0" resname="hero_fasha_skin08_high_add" />
  <ID258 md5="2064" resname="hero_selena_skin08_high_add" />
  <ID259 md5="3721" resname="hero_Melissa_skin01_high_add" />
  <ID260 md5="3be6" resname="Hero013_add" />
  <ID261 md5="d04c" resname="Hero016_add" />
  <ID262 md5="5969" resname="Hero025_add" />
  <ID263 md5="466a" resname="Hero034_add" />
  <ID264 md5="c493" resname="Hero036_add" />
  <ID265 md5="4440" resname="Hero037_add" />
  <ID266 md5="44e1" resname="Hero043_add" />
  <ID267 md5="56de" resname="Hero056_add" />
  <ID268 md5="431c" resname="Hero058_add" />
  <ID269 md5="78f5" resname="Hero065_add" />
  <ID270 md5="8dbb" resname="Hero074_add" />
  <ID271 md5="2ee2" resname="Hero077_add" />
  <ID272 md5="b548" resname="Hero079_add" />
  <ID273 md5="f202" resname="Hero086_add" />
  <ID274 md5="ef93" resname="Hero087_add" />
  <ID275 md5="4492" resname="Hero088_add" />
  <ID276 md5="ba67" resname="Hero095_add" />
  <ID277 md5="b56a" resname="Hero106_add" />
  <ID278 md5="0885" resname="Hero112_add" />
  <ID279 md5="7072" resname="Hero126_add" />
  <ID280 md5="a348" resname="Hero137_add" />
  <ID281 md5="97b4" resname="Hero143_add" />
  <ID282 md5="32f3" resname="Hero154_add" />
  <ID283 md5="1622" resname="Hero166_add" />
  <ID284 md5="7967" resname="Hero174_add" />
  <ID285 md5="b415" resname="Hero177_add" />
  <ID286 md5="2fca" resname="Hero187_add" />
  <ID287 md5="4b50" resname="Hero188_add" />
  <ID288 md5="7b4d" resname="Hero189_add" />
  <ID289 md5="77bf" resname="Hero215_add" />
  <ID290 md5="33fb" resname="Hero216_add" />
  <ID291 md5="a82f" resname="Hero218_add" />
  <ID292 md5="36dc" resname="Hero225_add" />
  <ID293 md5="d5a3" resname="Hero228_add" />
  <ID294 md5="fe51" resname="Hero229_add" />
  <ID295 md5="9eb3" resname="Hero234_add" />
  <ID296 md5="a056" resname="Hero235_add" />
  <ID297 md5="8c95" resname="heroshow_025_skin04_add" />
  <ID298 md5="0d14" resname="Hero255_add" />
  <ID299 md5="456d" resname="Hero257_add" />
  <ID300 md5="8e9d" resname="Hero266_add" />
  <ID301 md5="f8ca" resname="Hero268_add" />
  <ID302 md5="e511" resname="Hero269_add" />
  <ID303 md5="8fa7" resname="Hero277_add" />
  <ID304 md5="53b7" resname="Hero282_add" />
  <ID305 md5="87f4" resname="Hero286_add" />
  <ID306 md5="34aa" resname="Hero295_add" />
  <ID307 md5="f17b" resname="Hero305_add" />
  <ID308 md5="7f3a" resname="Hero316_add" />
  <ID309 md5="2471" resname="Hero323_add" />
  <ID310 md5="e9a9" resname="Hero325_add" />
  <ID311 md5="e5e1" resname="Hero327_add" />
  <ID312 md5="a85b" resname="Hero334_add" />
  <ID313 md5="a9e7" resname="Hero337_add" />
  <ID314 md5="18b0" resname="Hero343_add" />
  <ID315 md5="82c3" resname="Hero366_add" />
  <ID316 md5="bacc" resname="Hero383_add" />
  <ID317 md5="3cf8" resname="Hero393_add" />
  <ID318 md5="c127" resname="Hero395_add" />
  <ID319 md5="1ff2" resname="Hero396_add" />
  <ID320 md5="80a3" resname="Hero397_add" />
  <ID321 md5="00d6" resname="Hero398_add" />
  <ID322 md5="2d15" resname="Hero399_add" />
  <ID323 md5="d7db" resname="Hero406_add" />
  <ID324 md5="1beb" resname="Hero407_add" />
  <ID325 md5="d6f0" resname="Hero408_add" />
  <ID326 md5="5ca0" resname="Hero414_add" />
  <ID327 md5="5d40" resname="Hero425_add" />
  <ID328 md5="1388" resname="Hero426_add" />
  <ID329 md5="bca4" resname="Hero427_add" />
  <ID330 md5="0635" resname="Hero433_add" />
  <ID331 md5="a6d9" resname="Hero436_add" />
  <ID332 md5="d06b" resname="Hero444_add" />
  <ID333 md5="3cae" resname="Hero446_add" />
  <ID334 md5="1ae0" resname="Hero456_add" />
  <ID335 md5="2fd6" resname="Hero464_add" />
  <ID336 md5="0021" resname="Hero474_add" />
  <ID337 md5="2fd8" resname="Hero478_add" />
  <ID338 md5="b07c" resname="Hero479_add" />
  <ID339 md5="6c11" resname="Hero485_add" />
  <ID340 md5="3ad6" resname="Hero495_add" />
  <ID341 md5="bae9" resname="Hero503_add" />
  <ID342 md5="f628" resname="Hero526_add" />
  <ID343 md5="012a" resname="heroshow_052_skin08_add" />
  <ID344 md5="6bf3" resname="Hero529_add" />
  <ID345 md5="83ca" resname="Hero535_add" />
  <ID346 md5="747f" resname="Hero537_add" />
  <ID347 md5="62db" resname="Hero539_add" />
  <ID348 md5="0a07" resname="Hero546_add" />
  <ID349 md5="3512" resname="Hero554_add" />
  <ID350 md5="5f23" resname="Hero557_add" />
  <ID351 md5="07fa" resname="Hero558_add" />
  <ID352 md5="0fb2" resname="Hero566_add" />
  <ID353 md5="6a6c" resname="Hero567_add" />
  <ID354 md5="adae" resname="Hero568_add" />
  <ID355 md5="0a2a" resname="Hero569_add" />
  <ID356 md5="0ea1" resname="Hero575_add" />
  <ID357 md5="e6f2" resname="Hero576_add" />
  <ID358 md5="e4ec" resname="Hero577_add" />
  <ID359 md5="9fb8" resname="Hero584_add" />
  <ID360 md5="164a" resname="Hero594_add" />
  <ID361 md5="a29a" resname="Hero596_add" />
  <ID362 md5="106c" resname="Hero604_add" />
  <ID363 md5="7b4c" resname="Hero606_add" />
  <ID364 md5="267a" resname="Hero608_add" />
  <ID365 md5="68f8" resname="Hero615_add" />
  <ID366 md5="ff19" resname="Hero617_add" />
  <ID367 md5="7502" resname="Hero618_add" />
  <ID368 md5="9276" resname="Hero625_add" />
  <ID369 md5="c120" resname="Hero633_add" />
  <ID370 md5="8d77" resname="Hero636_add" />
  <ID371 md5="6eb7" resname="Hero638_add" />
  <ID372 md5="3189" resname="Hero639_add" />
  <ID373 md5="f010" resname="Hero645_add" />
  <ID374 md5="5321" resname="Hero646_add" />
  <ID375 md5="3ca1" resname="Hero647_add" />
  <ID376 md5="04a5" resname="Hero648_add" />
  <ID377 md5="3e6b" resname="Hero654_add" />
  <ID378 md5="50c0" resname="Hero658_add" />
  <ID379 md5="718b" resname="Hero659_add" />
  <ID380 md5="e15e" resname="Hero663_add" />
  <ID381 md5="f074" resname="Hero666_add" />
  <ID382 md5="7a79" resname="Hero675_add" />
  <ID383 md5="dd00" resname="Hero686_add" />
  <ID384 md5="3c0d" resname="Hero687_add" />
  <ID385 md5="86e1" resname="Hero688_add" />
  <ID386 md5="26b0" resname="Hero714_add" />
  <ID387 md5="4900" resname="Hero716_add" />
  <ID388 md5="10ef" resname="Hero735_add" />
  <ID389 md5="87e0" resname="Hero736_add" />
  <ID390 md5="2868" resname="Hero776_add" />
  <ID391 md5="edbe" resname="Hero785_add" />
  <ID392 md5="f26d" resname="Hero795_add" />
  <ID393 md5="b9d1" resname="Hero796_add" />
  <ID394 md5="2564" resname="Hero797_add" />
  <ID395 md5="d271" resname="Hero798_add" />
  <ID396 md5="c500" resname="Hero803_add" />
  <ID397 md5="c48b" resname="Hero806_add" />
  <ID398 md5="b34a" resname="Hero809_add" />
  <ID399 md5="2102" resname="Hero817_add" />
  <ID400 md5="bd5e" resname="Hero818_add" />
  <ID401 md5="92d2" resname="Hero835_add" />
  <ID402 md5="18ae" resname="Hero836_add" />
  <ID403 md5="2b4a" resname="Hero844_add" />
  <ID404 md5="6fb4" resname="Hero846_add" />
  <ID405 md5="4d65" resname="Hero847_add" />
  <ID406 md5="9edc" resname="Hero853_add" />
  <ID407 md5="3bd5" resname="Hero856_add" />
  <ID408 md5="d4e3" resname="Hero884_add" />
  <ID409 md5="d4f6" resname="Hero895_add" />
  <ID410 md5="55fd" resname="Hero897_add" />
  <ID411 md5="84f6" resname="Hero905_add" />
  <ID412 md5="ae30" resname="Hero945_add" />
  <ID413 md5="2ff1" resname="Hero954_add" />
  <ID414 md5="587c" resname="Hero974_add" />
  <ID415 md5="0919" resname="Hero1003_add" />
  <ID416 md5="47a7" resname="Hero1005_add" />
  <ID417 md5="87aa" resname="Hero1033_add" />
  <ID418 md5="41d8" resname="Hero1123_add" />
  <ID419 md5="7625" resname="Hero1133_add" />
  <ID420 md5="65ca" resname="Hero45045_add" />
  <ID421 md5="ec4c" resname="Hero45144_add" />
  <ID422 md5="c6a3" resname="Hero45146_add" />
  <ID423 md5="395b" resname="Hero45154_add" />
  <ID424 md5="83bd" resname="Hero45213_add" />
  <ID425 md5="08de" resname="Hero100710_add" />
  <ID426 md5="0aac" resname="Hero101610_add" />
  <ID427 md5="1d71" resname="Hero101710_add" />
  <ID428 md5="7c12" resname="Hero105610_add" />
  <ID429 md5="9543" resname="hero_Leomord_skin01_add" />
  <ID430 md5="0dda" resname="hero_Leomord_skin02_add" />
  <ID431 md5="5ef8" resname="hero_Leomord_skin03_add" />
  <ID432 md5="7836" resname="hero_xixuegui_skin03_add" />
  <ID433 md5="c936" resname="hero_zeo_skin01_add" />
  <ID434 md5="49d2" resname="hero_zeo_skin04_add" />
  <ID435 md5="8774" resname="fasha_beidong_skin02_add" />
  <ID436 md5="d617" resname="fasha_beidong_skin03_add" />
  <ID437 md5="442a" resname="Lapu_attack01_dajian_skin04_add" />
  <ID438 md5="6bee" resname="Lapu_attack02_dajian_skin04_add" />
  <ID439 md5="f6fe" resname="Lapu_attack03_dajian_skin04_add" />
  <ID440 md5="94b8" resname="Lapu_attack04_dajian_skin02_add" />
  <ID441 md5="5f10" resname="Lapu_attack04_dajian_skin04_add" />
  <ID442 md5="7e95" resname="Lapu_dajian_skill4_1_daoguang_skin04_add" />
  <ID443 md5="b2ea" resname="Lapu_dajian_skill4_3_daoguang_skin04_add" />
  <ID444 md5="6ab0" resname="Lapu_skill01_xiao_l_skin02_add" />
  <ID445 md5="9cc6" resname="Lapu_skill01_xiao_l_skin04_add" />
  <ID446 md5="91dd" resname="Lapu_skill01_xiao_r_skin02_add" />
  <ID447 md5="1da9" resname="Lapu_skill01_xiao_r_skin04_add" />
  <ID448 md5="b894" resname="Lapu_skill03_dadao_skin02_add" />
  <ID449 md5="db9e" resname="Lapu_skill03_dadao_skin04_add" />
  <ID450 md5="3696" resname="TeamColor_nana_skill2_quan_skin06_add" />
  <ID451 md5="61ad" resname="hero_shikongjianhao_skin03_add" />
  <ID452 md5="df60" resname="hero_xixuegui_skin02_add" />
  <ID453 md5="db2d" resname="hero_shooter_skin08_add" />
  <ID454 md5="9a78" resname="hero_digger_skin04_add" />
  <ID455 md5="a638" resname="hero_Leomord_skin04_add" />
  <ID456 md5="dcdb" resname="hero_zeo_skin03_add" />
  <ID457 md5="7f5f" resname="TeamColor_nana_skill2_quan_skin05_add" />
  <ID458 md5="8339" resname="TeamColor_nana_skill2_quan_skin07_add" />
  <ID459 md5="9bed" resname="newsnow_skill02_skin07_add" />
  <ID460 md5="ad94" resname="nextninja_skill02_skin07_add" />
  <ID461 md5="a7a0" resname="nextninja_skill02_zhaohuan_skin07_add" />
  <ID462 md5="ef51" resname="nextninja_skill03_bullet01_skin07_add" />
  <ID463 md5="9bb1" resname="nextninja_skill03_bullet02_skin07_add" />
  <ID464 md5="37fa" resname="nextninja_skill03_bullet03_skin07_add" />
  <ID465 md5="be2f" resname="nextninja_skill03_bullet04_skin07_add" />
  <ID466 md5="6d4f" resname="nextninja_skill03_fire_skin07_add" />
  <ID467 md5="3641" resname="Lapu_attack04_dajian_skin03_add" />
  <ID468 md5="c35f" resname="Lapu_skill01_xiao_l_skin03_add" />
  <ID469 md5="799a" resname="Lapu_skill01_xiao_r_skin03_add" />
  <ID470 md5="f7c0" resname="Lapu_skill03_dadao_skin03_add" />
  <ID471 md5="f6be" resname="newshuren_skill01_fire_skin04_add" />
  <ID472 md5="463e" resname="Guinevere_skill03_weiba_skin08_add" />
  <ID473 md5="b167" resname="Zeo_skill03_daozhen_skin06_add" />
  <ID474 md5="acf5" resname="zzp1_gift_new_gongneng_jishen01_add" />
  <ID475 md5="b66c" resname="zzp1_gift_new_gongneng_lengque_add" />
  <ID476 md5="4659" resname="zzp1_gift_new_gongneng_shangjin_add" />
  <ID477 md5="07c8" resname="zzp1_gift_new_shengguangbihu_add" />
  <ID478 md5="7c6c" resname="zzp1_gift_new_shengguangchongji_add" />
  <ID479 md5="a8a6" resname="zzp1_gift_new_shengguangchongji_hit_add" />
  <ID480 md5="a647" resname="zzp1_gift_new_shenguangzhicai_hit02_add" />
  <ID481 md5="1f9c" resname="zzp1_gift_new_shenguangzhicai_keep_add" />
  <ID482 md5="974d" resname="zzp1_gift_new_shenshengdaji_hit02_add" />
  <ID483 md5="3515" resname="zzp1_gift_new_shenshengdaji_hit_add" />
  <ID484 md5="b34a" resname="zzp1_Guinevere_skill03_weiba_skin08_add" />
  <ID485 md5="db0f" resname="zzp1_Lapu_attack04_dajian" />
  <ID486 md5="ea24" resname="zzp1_Lapu_skill03_dadao" />
  <ID487 md5="2f43" resname="zzp1_newsnow_skill02_skin07_add" />
  <ID488 md5="9b25" resname="zzp1_nextalchemist_attack_bullet01" />
  <ID489 md5="b430" resname="zzp1_nextalchemist_beidong_Friend_fuhuo" />
  <ID490 md5="79f9" resname="zzp1_nextalchemist_beidong_UI" />
  <ID491 md5="c73e" resname="zzp1_nextalchemist_dead_beidong_bullet" />
  <ID492 md5="49a9" resname="zzp1_nextalchemist_dead_beidong_xishou" />
  <ID493 md5="a2eb" resname="zzp1_nextalchemist_dead_beidong_youhun" />
  <ID494 md5="64d7" resname="zzp1_nextalchemist_skill01_anying_end" />
  <ID495 md5="b61e" resname="zzp1_nextalchemist_skill01_anying_start" />
  <ID496 md5="8114" resname="zzp1_nextalchemist_skill01_hand" />
  <ID497 md5="9702" resname="zzp1_nextalchemist_skill01_hand_end" />
  <ID498 md5="9c3a" resname="zzp1_nextalchemist_skill01_hand_zhua" />
  <ID499 md5="9c3e" resname="zzp1_nextalchemist_skill01_ring" />
  <ID500 md5="73a5" resname="zzp1_nextalchemist_skill02_bullet01" />
  <ID501 md5="dc77" resname="zzp1_nextalchemist_skill02_Enemy_hit" />
  <ID502 md5="63d0" resname="zzp1_nextalchemist_skill02_fire" />
  <ID503 md5="472a" resname="zzp1_nextalchemist_skill02_hit01" />
  <ID504 md5="fb17" resname="zzp1_nextalchemist_skill02_qishou" />
  <ID505 md5="650b" resname="zzp1_nextalchemist_skill03_01" />
  <ID506 md5="bc43" resname="zzp1_nextalchemist_skill03_Friend_hit01" />
  <ID507 md5="30ef" resname="zzp1_nextalchemist_skill03_Friend_hit02" />
  <ID508 md5="da4a" resname="zzp1_nextalchemist_skill03_Friend_hit03" />
  <ID509 md5="c76e" resname="zzp1_nextalchemist_skill03_Friend_keep" />
  <ID510 md5="1537" resname="zzp1_nextalchemist_skill03_keep" />
  <ID511 md5="da01" resname="zzp1_next_leomord_attack01" />
  <ID512 md5="3966" resname="zzp1_next_leomord_attack02" />
  <ID513 md5="a1f4" resname="zzp1_next_leomord_attack03" />
  <ID514 md5="a9c3" resname="zzp1_next_leomord_attack04" />
  <ID515 md5="525d" resname="zzp1_next_leomord_attack04_hit" />
  <ID516 md5="22e1" resname="zzp1_next_leomord_attack05" />
  <ID517 md5="0eb4" resname="zzp1_next_leomord_attack_hit" />
  <ID518 md5="1c98" resname="zzp1_next_leomord_hudun" />
  <ID519 md5="4199" resname="zzp1_next_leomord_skill01_fire01" />
  <ID520 md5="6196" resname="zzp1_next_leomord_skill01_fire02" />
  <ID521 md5="cbe4" resname="zzp1_next_leomord_skill01_fire02_1" />
  <ID522 md5="e9b1" resname="zzp1_next_leomord_skill01_fire02_2" />
  <ID523 md5="e960" resname="zzp1_next_leomord_skill01_fire02_3" />
  <ID524 md5="9c05" resname="zzp1_next_leomord_skill01_start01" />
  <ID525 md5="78b8" resname="zzp1_next_leomord_skill02_fire01" />
  <ID526 md5="9621" resname="zzp1_next_leomord_skill02_fire02" />
  <ID527 md5="91e5" resname="zzp1_next_leomord_skill02_yuandi" />
  <ID528 md5="9a6f" resname="zzp1_next_leomord_skill03_chuxian" />
  <ID529 md5="fdce" resname="zzp1_next_leomord_skill03_ma" />
  <ID530 md5="bb9b" resname="zzp1_next_leomord_skill03_ma01" />
  <ID531 md5="b6dd" resname="zzp1_next_leomord_skill03_tishi01" />
  <ID532 md5="ca15" resname="zzp1_next_leomord_skill03_xiama" />
  <ID533 md5="62c7" resname="zzp1_next_leomord_skill03_xiaoshi" />
  <ID534 md5="f6a8" resname="zzp1_werewolf_taunt_2_skin08_add" />
  <ID535 md5="943d" resname="zzp2_gift_new_gongneng_jishen01_add" />
  <ID536 md5="a389" resname="zzp2_gift_new_gongneng_lengque_add" />
  <ID537 md5="4d8d" resname="zzp2_gift_new_gongneng_zhongzi_add" />
  <ID538 md5="ddf4" resname="zzp2_gift_new_shengguangbihu_add" />
  <ID539 md5="9148" resname="zzp2_gift_new_shengguangchongji_add" />
  <ID540 md5="f3c4" resname="zzp2_gift_new_shenguangzhicai_hit02_add" />
  <ID541 md5="76ec" resname="zzp2_gift_new_shenshengdaji_hit02_add" />
  <ID542 md5="819b" resname="zzp2_gift_new_shenshengdaji_hit_add" />
  <ID543 md5="c096" resname="zzp2_Guinevere_skill03_weiba_skin08_add" />
  <ID544 md5="0602" resname="zzp2_Lapu_skill01_xiao_l" />
  <ID545 md5="12c8" resname="zzp2_Lapu_skill01_xiao_l_skin02_add" />
  <ID546 md5="98a8" resname="zzp2_Lapu_skill01_xiao_l_skin03_add" />
  <ID547 md5="745d" resname="zzp2_Lapu_skill01_xiao_l_skin04_add" />
  <ID548 md5="bc0c" resname="zzp2_Lapu_skill01_xiao_r" />
  <ID549 md5="5775" resname="zzp2_Lapu_skill01_xiao_r_skin02_add" />
  <ID550 md5="506f" resname="zzp2_Lapu_skill01_xiao_r_skin03_add" />
  <ID551 md5="e0e4" resname="zzp2_Lapu_skill01_xiao_r_skin04_add" />
  <ID552 md5="8987" resname="zzp2_mt_skill03_baonu_new03" />
  <ID553 md5="0936" resname="zzp2_newsnow_skill02_skin07_add" />
  <ID554 md5="f8fc" resname="zzp2_nextalchemist_attack_bullet01" />
  <ID555 md5="da43" resname="zzp2_nextalchemist_attack_hit01" />
  <ID556 md5="bdc4" resname="zzp2_nextalchemist_beidong_Friend_fuhuo" />
  <ID557 md5="0d87" resname="zzp2_nextalchemist_beidong_UI" />
  <ID558 md5="fa91" resname="zzp2_nextalchemist_dead_beidong_bullet" />
  <ID559 md5="8bbf" resname="zzp2_nextalchemist_dead_beidong_xishou" />
  <ID560 md5="c69b" resname="zzp2_nextalchemist_dead_beidong_youhun" />
  <ID561 md5="c752" resname="zzp2_nextalchemist_skill01_anying" />
  <ID562 md5="db25" resname="zzp2_nextalchemist_skill01_anying_end" />
  <ID563 md5="8014" resname="zzp2_nextalchemist_skill01_anying_start" />
  <ID564 md5="d0bf" resname="zzp2_nextalchemist_skill01_hand" />
  <ID565 md5="a135" resname="zzp2_nextalchemist_skill01_hand_end" />
  <ID566 md5="8dd0" resname="zzp2_nextalchemist_skill01_hand_zhua" />
  <ID567 md5="746f" resname="zzp2_nextalchemist_skill01_ring" />
  <ID568 md5="1792" resname="zzp2_nextalchemist_skill02_bullet" />
  <ID569 md5="da94" resname="zzp2_nextalchemist_skill02_bullet01" />
  <ID570 md5="5c4f" resname="zzp2_nextalchemist_skill02_Enemy_hit" />
  <ID571 md5="a886" resname="zzp2_nextalchemist_skill02_fire" />
  <ID572 md5="08f1" resname="zzp2_nextalchemist_skill02_qishou" />
  <ID573 md5="b28f" resname="zzp2_nextalchemist_skill03_01" />
  <ID574 md5="f924" resname="zzp2_nextalchemist_skill03_Friend_hit01" />
  <ID575 md5="b4fc" resname="zzp2_nextalchemist_skill03_Friend_hit02" />
  <ID576 md5="ed2d" resname="zzp2_nextalchemist_skill03_Friend_hit03" />
  <ID577 md5="04c5" resname="zzp2_nextalchemist_skill03_Friend_keep" />
  <ID578 md5="f99d" resname="zzp2_nextalchemist_skill03_keep" />
  <ID579 md5="aea8" resname="zzp2_nextalchemist_skill03_qishou" />
  <ID580 md5="98bd" resname="zzp2_next_leomord_attack01" />
  <ID581 md5="afc9" resname="zzp2_next_leomord_attack02" />
  <ID582 md5="5724" resname="zzp2_next_leomord_attack03" />
  <ID583 md5="4999" resname="zzp2_next_leomord_attack04" />
  <ID584 md5="0e60" resname="zzp2_next_leomord_attack04_hit" />
  <ID585 md5="5f7e" resname="zzp2_next_leomord_attack05" />
  <ID586 md5="78bb" resname="zzp2_next_leomord_attack_hit" />
  <ID587 md5="ec43" resname="zzp2_next_leomord_dumiao" />
  <ID588 md5="7896" resname="zzp2_next_leomord_hudun" />
  <ID589 md5="bd5f" resname="zzp2_next_leomord_skill01_fire01" />
  <ID590 md5="34c4" resname="zzp2_next_leomord_skill01_fire02" />
  <ID591 md5="964a" resname="zzp2_next_leomord_skill01_fire02_1" />
  <ID592 md5="4c30" resname="zzp2_next_leomord_skill01_fire02_2" />
  <ID593 md5="86d7" resname="zzp2_next_leomord_skill01_fire02_3" />
  <ID594 md5="0934" resname="zzp2_next_leomord_skill01_start01" />
  <ID595 md5="c220" resname="zzp2_next_leomord_skill01_tishi01" />
  <ID596 md5="0fc9" resname="zzp2_next_leomord_skill02_fire01" />
  <ID597 md5="36a9" resname="zzp2_next_leomord_skill02_fire02" />
  <ID598 md5="57ef" resname="zzp2_next_leomord_skill02_hit" />
  <ID599 md5="e523" resname="zzp2_next_leomord_skill02_yuandi" />
  <ID600 md5="26e5" resname="zzp2_next_leomord_skill03_chuxian" />
  <ID601 md5="68b8" resname="zzp2_next_leomord_skill03_fire01" />
  <ID602 md5="d303" resname="zzp2_next_leomord_skill03_ma" />
  <ID603 md5="d45f" resname="zzp2_next_leomord_skill03_ma01" />
  <ID604 md5="0dd5" resname="zzp2_next_leomord_skill03_xiama" />
  <ID605 md5="1740" resname="zzp2_next_leomord_skill03_xiaoshi" />
  <ID606 md5="97f3" resname="zzp2_next_leomord_skill04_keep" />
  <ID607 md5="4f7a" resname="zzp2_werewolf_taunt_1_skin08_add" />
  <ID608 md5="e8d2" resname="zzp2_Zeo_skill03_daozhen_skin06_add" />
  <ID609 md5="2cd7" resname="zzp1_next_vexana_attack_bullet" />
  <ID610 md5="ffb5" resname="zzp1_next_vexana_attack_fire" />
  <ID611 md5="aadc" resname="zzp1_next_vexana_attack_hit" />
  <ID612 md5="cd58" resname="zzp1_next_vexana_skill01_aoe" />
  <ID613 md5="1dfd" resname="zzp1_next_vexana_skill01_bullet" />
  <ID614 md5="3553" resname="zzp1_next_vexana_skill01_fire" />
  <ID615 md5="b4d4" resname="zzp1_next_vexana_skill01_hit" />
  <ID616 md5="5e64" resname="zzp1_next_vexana_skill01_keep" />
  <ID617 md5="2cf2" resname="zzp1_next_vexana_skill01_warning" />
  <ID618 md5="69ba" resname="zzp1_next_vexana_skill02_burst01" />
  <ID619 md5="ca49" resname="zzp1_next_vexana_skill02_burst02" />
  <ID620 md5="7679" resname="zzp1_next_vexana_skill02_warning01" />
  <ID621 md5="f335" resname="zzp1_next_vexana_skill02_warning01_02" />
  <ID622 md5="0109" resname="zzp1_next_vexana_skill02_warning02" />
  <ID623 md5="0900" resname="zzp1_next_vexana_skill02_warning02_02" />
  <ID624 md5="4be0" resname="zzp1_next_vexana_skill03_aoe" />
  <ID625 md5="163a" resname="zzp1_next_vexana_skill03_attack01" />
  <ID626 md5="21bf" resname="zzp1_next_vexana_skill03_attack02" />
  <ID627 md5="5fc9" resname="zzp1_next_vexana_skill03_bullet" />
  <ID628 md5="b542" resname="zzp1_next_vexana_skill03_down" />
  <ID629 md5="bec3" resname="zzp1_next_vexana_skill03_fire" />
  <ID630 md5="538d" resname="zzp1_next_vexana_skill03_hit" />
  <ID631 md5="ced3" resname="zzp1_next_vexana_skill03_up" />
  <ID632 md5="ba78" resname="zzp1_next_vexana_skill03_warning" />
  <ID633 md5="e76f" resname="zzp1_next_vexana_skill04_burst" />
  <ID634 md5="5bbf" resname="zzp1_next_vexana_skill04_icon" />
  <ID635 md5="7c85" resname="zzp2_next_vexana_attack_bullet" />
  <ID636 md5="c4f7" resname="zzp2_next_vexana_attack_fire" />
  <ID637 md5="3627" resname="zzp2_next_vexana_skill01_aoe" />
  <ID638 md5="47bb" resname="zzp2_next_vexana_skill01_bullet" />
  <ID639 md5="68ad" resname="zzp2_next_vexana_skill01_fire" />
  <ID640 md5="8f99" resname="zzp2_next_vexana_skill01_hit" />
  <ID641 md5="d93f" resname="zzp2_next_vexana_skill01_warning" />
  <ID642 md5="4d90" resname="zzp2_next_vexana_skill02_burst01" />
  <ID643 md5="7896" resname="zzp2_next_vexana_skill02_burst02" />
  <ID644 md5="e4b8" resname="zzp2_next_vexana_skill02_fire" />
  <ID645 md5="c06a" resname="zzp2_next_vexana_skill02_fire01" />
  <ID646 md5="f389" resname="zzp2_next_vexana_skill02_warning02" />
  <ID647 md5="2b77" resname="zzp2_next_vexana_skill02_warning02_02" />
  <ID648 md5="d7b8" resname="zzp2_next_vexana_skill03_aoe" />
  <ID649 md5="f18e" resname="zzp2_next_vexana_skill03_attack01" />
  <ID650 md5="97c7" resname="zzp2_next_vexana_skill03_attack02" />
  <ID651 md5="56ed" resname="zzp2_next_vexana_skill03_bullet" />
  <ID652 md5="cda1" resname="zzp2_next_vexana_skill03_down" />
  <ID653 md5="f0e5" resname="zzp2_next_vexana_skill03_fire" />
  <ID654 md5="7df6" resname="zzp2_next_vexana_skill03_hit" />
  <ID655 md5="1b64" resname="zzp2_next_vexana_skill03_up" />
  <ID656 md5="1bc1" resname="zzp2_next_vexana_skill03_warning02" />
  <ID657 md5="7307" resname="zzp2_next_vexana_skill04_burst" />
  <ID658 md5="73e0" resname="zzp_sfx_101610.bnk" />
  <ID659 md5="cf61" resname="gift_new_shengguangchongji_hit_add" />
  <ID660 md5="3345" resname="hero_digger_skin02_Colour01_2_add" />
  <ID661 md5="9206" resname="hero_nextalchemist_skin" />
  <ID662 md5="6a18" resname="hero_nextalchemist_skin01_add" />
  <ID663 md5="e36d" resname="julian_box_skin_add" />
  <ID664 md5="1932" resname="AddLanguageIndonesian" />
  <ID665 md5="7fb9" resname="show_vo_101610_m_id.bnk" />
  <ID666 md5="e102" resname="show_vo_1025_m_id.bnk" />
  <ID667 md5="05a5" resname="show_vo_1026_m_id.bnk" />
  <ID668 md5="a2ce" resname="show_vo_1058_m_id.bnk" />
  <ID669 md5="f4f6" resname="show_vo_1071_m_id.bnk" />
  <ID670 md5="b050" resname="show_vo_1086_m_id.bnk" />
  <ID671 md5="89dc" resname="show_vo_1141_m_id.bnk" />
  <ID672 md5="37e8" resname="show_vo_1163_m_id.bnk" />
  <ID673 md5="501f" resname="show_vo_1215_m_id.bnk" />
  <ID674 md5="0bd5" resname="show_vo_1216_m_id.bnk" />
  <ID675 md5="9999" resname="show_vo_1218_m_id.bnk" />
  <ID676 md5="39d0" resname="show_vo_1243_m_id.bnk" />
  <ID677 md5="1d46" resname="show_vo_1313_m_id.bnk" />
  <ID678 md5="fda2" resname="show_vo_1315_m_id.bnk" />
  <ID679 md5="9c07" resname="show_vo_1316_m_id.bnk" />
  <ID680 md5="d723" resname="show_vo_1393_m_id.bnk" />
  <ID681 md5="4288" resname="show_vo_1397_m_id.bnk" />
  <ID682 md5="1e60" resname="show_vo_1398_m_id.bnk" />
  <ID683 md5="2a7f" resname="show_vo_1424_m_id.bnk" />
  <ID684 md5="dfd9" resname="show_vo_1427_m_id.bnk" />
  <ID685 md5="3d25" resname="show_vo_1554_m_id.bnk" />
  <ID686 md5="e7d7" resname="show_vo_1633_m_id.bnk" />
  <ID687 md5="939f" resname="show_vo_1687_m_id.bnk" />
  <ID688 md5="b56c" resname="show_vo_1688_m_id.bnk" />
  <ID689 md5="3b9d" resname="show_vo_1791_m_id.bnk" />
  <ID690 md5="1cc8" resname="show_vo_1816_m_id.bnk" />
  <ID691 md5="27a0" resname="show_vo_1981_m_id.bnk" />
  <ID692 md5="ef1a" resname="show_vo_1991_m_id.bnk" />
  <ID693 md5="89ea" resname="show_vo_2021_m_id.bnk" />
  <ID694 md5="6515" resname="show_vo_2031_m_id.bnk" />
  <ID695 md5="e63e" resname="show_vo_2033_m_id.bnk" />
  <ID696 md5="76d1" resname="vo_101610_m_id.bnk" />
  <ID697 md5="ac23" resname="vo_1025_m_id.bnk" />
  <ID698 md5="cd04" resname="vo_1058_m_id.bnk" />
  <ID699 md5="1503" resname="vo_1071_m_id.bnk" />
  <ID700 md5="83fc" resname="vo_1086_m_id.bnk" />
  <ID701 md5="f562" resname="vo_1215_m_id.bnk" />
  <ID702 md5="a5b0" resname="vo_1216_m_id.bnk" />
  <ID703 md5="6dff" resname="vo_1316_m_id.bnk" />
  <ID704 md5="9c6f" resname="vo_1393_m_id.bnk" />
  <ID705 md5="27cb" resname="vo_1397_m_id.bnk" />
  <ID706 md5="d01f" resname="vo_1398_m_id.bnk" />
  <ID707 md5="1505" resname="vo_1399_m_id.bnk" />
  <ID708 md5="491b" resname="vo_1427_m_id.bnk" />
  <ID709 md5="39fb" resname="vo_1633_m_id.bnk" />
  <ID710 md5="bff2" resname="vo_1687_m_id.bnk" />
  <ID711 md5="5f4c" resname="vo_1981_m_id.bnk" />
  <ID712 md5="8d03" resname="vo_1991_m_id.bnk" />
  <ID713 md5="5e50" resname="vo_2001_m_id.bnk" />
  <ID714 md5="ea50" resname="vo_2021_m_id.bnk" />
  <ID715 md5="c026" resname="vo_2031_m_id.bnk" />
  <ID716 md5="8fac" resname="vo_2033_m_id.bnk" />
  <ID717 md5="c763" resname="zzp_vo_101610_m_id.bnk" />
  <ID718 md5="dab0" resname="zzp_vo_1025_m_id.bnk" />
  <ID719 md5="f4d7" resname="zzp_vo_1071_m_id.bnk" />
  <ID720 md5="e472" resname="zzp_vo_1086_m_id.bnk" />
  <ID721 md5="9352" resname="zzp_vo_1316_m_id.bnk" />
  <ID722 md5="6f20" resname="zzp_vo_1393_m_id.bnk" />
  <ID723 md5="dadc" resname="zzp_vo_1687_m_id.bnk" />
  <ID724 md5="eacb" resname="zzp_vo_1991_m_id.bnk" />
  <ID725 md5="5366" resname="hero_war3shooter_skinboneface_high_add" />
  <ID726 md5="e39e" resname="Atlas_SkillIconAdd13_add" />
  <ID727 md5="db82" resname="UI_Activity_GodEquipPlanNew01" />
  <ID728 md5="7989" resname="UI_Activity_GodEquipPlanNew02" />
  <ID729 md5="389d" resname="UI_Activity_NewDiscountHero_LatinAmerica" />
  <ID730 md5="2ec4" resname="UI_AwardThreeChooseOne01" />
  <ID731 md5="41df" resname="UI_BattleUISetup_MiniMap" />
  <ID732 md5="e2bd" resname="UI_BattleUISetup_MiniMap_ToolButton" />
  <ID733 md5="0515" resname="UI_FBPopUpTips" />
  <ID734 md5="aa8b" resname="UI_MapInfo_AllRound_add" />
  <ID735 md5="ea59" resname="UI_MapInfo_Detail_add" />
  <ID736 md5="ffc3" resname="UI_Worldmap_add" />
  <ID737 md5="d71e" resname="UI_Worldmap_Area_add" />
  <ID738 md5="8d62" resname="UI_Worldmap_Area_MapGuide01_add" />
  <ID739 md5="6d4c" resname="UI_Worldmap_Area_MapGuide02_add" />
  <ID740 md5="c7ea" resname="UI_Worldmap_Area_MapGuide03_add" />
  <ID741 md5="d15b" resname="UI_Worldmap_Area_MapGuide04_add" />
  <ID742 md5="9163" resname="UI_Worldmap_Area_MapGuide05_add" />
  <ID743 md5="b634" resname="UI_Worldmap_Area_MapGuide06_add" />
  <ID744 md5="473c" resname="UI_Worldmap_Area_MapGuide07_add" />
  <ID745 md5="0354" resname="UI_Worldmap_Hero_add" />
  <ID746 md5="db77" resname="next_vexana_skill03_dead" />
  <ID747 md5="0ee0" resname="next_vexana_skill03_dead02" />
  <ID748 md5="d442" resname="next_leomord_skill01_hit" />
  <ID749 md5="0efa" resname="next_leomord_skill03_ma_Effmod6" />
  <ID750 md5="f8cc" resname="nextalchemist_skill03_daojishi" />
  <ID751 md5="9c52" resname="Hero561_add" />
  <ID752 md5="27e5" resname="Atlas_battleMap_add" />
  <ID753 md5="86eb" resname="Atlas_CustomSkill01_add" />
  <ID754 md5="c01d" resname="Atlas_CustomSkill02_add" />
  <ID755 md5="2a4d" resname="Atlas_Evolution11_Map_add" />
  <ID756 md5="c0ff" resname="Atlas_FBPopUpTips_add" />
  <ID757 md5="112b" resname="Atlas_HeadFrame08_add" />
  <ID758 md5="d6fb" resname="Atlas_HeadIconMap10_add" />
  <ID759 md5="3a81" resname="Atlas_LatinNewHand01_add" />
  <ID760 md5="f6f6" resname="Atlas_LatinNewHand03_add" />
  <ID761 md5="e4eb" resname="Atlas_LocationMap1_add" />
  <ID762 md5="b603" resname="Atlas_LocationMap2_add" />
  <ID763 md5="9509" resname="Atlas_LocationMap3_add" />
  <ID764 md5="83a7" resname="Atlas_LocationMap4_add" />
  <ID765 md5="77cb" resname="Atlas_LocationMap5_add" />
  <ID766 md5="a866" resname="Atlas_LocationMap6_add" />
  <ID767 md5="b81f" resname="Atlas_LocationMap7_add" />
  <ID768 md5="43b9" resname="Atlas_LocationMap8_add" />
  <ID769 md5="a034" resname="Atlas_LocationMap9_add" />
  <ID770 md5="1dbe" resname="Atlas_LocationMap_add" />
  <ID771 md5="9d17" resname="Atlas_MapInfoDetail01_add" />
  <ID772 md5="062f" resname="Atlas_MapInfoDetail02_add" />
  <ID773 md5="53ad" resname="Atlas_MapInfoDetail03_add" />
  <ID774 md5="46a9" resname="Atlas_MapInfoDetail04_add" />
  <ID775 md5="b128" resname="Atlas_MapInfoDetail05_add" />
  <ID776 md5="b003" resname="Atlas_MapInfoDetail06_add" />
  <ID777 md5="cc28" resname="Atlas_MapInfoDetail07_add" />
  <ID778 md5="78d9" resname="Atlas_MapInfoDetail08_add" />
  <ID779 md5="8b9b" resname="Atlas_MapInfoDetail10_add" />
  <ID780 md5="b9ed" resname="Atlas_MapInfoDetail12_add" />
  <ID781 md5="43d6" resname="Atlas_MapInfoPlus2_add" />
  <ID782 md5="91e9" resname="Atlas_MapInfoPlus_add" />
  <ID783 md5="4460" resname="Atlas_MapIntro_add" />
  <ID784 md5="bafb" resname="Atlas_rankseason01_add" />
  <ID785 md5="102d" resname="Atlas_rankseason02_add" />
  <ID786 md5="9bea" resname="Atlas_rankseason_add" />
  <ID787 md5="e01f" resname="Atlas_ShareBackground28_add" />
  <ID788 md5="6784" resname="Atlas_SurvivalModeMapPic_add" />
  <ID789 md5="09e9" resname="Atlas_Worldmap01_add" />
  <ID790 md5="59e9" resname="Atlas_Worldmap02_add" />
  <ID791 md5="4406" resname="Atlas_Worldmap04_add" />
  <ID792 md5="1caa" resname="Atlas_Worldmap05_add" />
  <ID793 md5="f368" resname="Atlas_Worldmap06_add" />
  <ID794 md5="d43a" resname="Atlas_Worldmap_area01_L_add" />
  <ID795 md5="3256" resname="Atlas_Worldmap_area01_R_add" />
  <ID796 md5="81eb" resname="Atlas_Worldmap_area02_L_add" />
  <ID797 md5="c66c" resname="Atlas_Worldmap_area02_R_add" />
  <ID798 md5="9752" resname="Atlas_Worldmap_area03_L_add" />
  <ID799 md5="ef15" resname="Atlas_Worldmap_area03_R_add" />
  <ID800 md5="9e85" resname="Atlas_Worldmap_area04_L_add" />
  <ID801 md5="2a5d" resname="Atlas_Worldmap_area04_R_add" />
  <ID802 md5="3d7d" resname="Atlas_Worldmap_area05_L_add" />
  <ID803 md5="0270" resname="Atlas_Worldmap_area05_R_add" />
  <ID804 md5="4c70" resname="Atlas_Worldmap_area06_add" />
  <ID805 md5="7919" resname="Atlas_Worldmap_area06_L_add" />
  <ID806 md5="a7cb" resname="Atlas_Worldmap_area06_R_add" />
  <ID807 md5="c14e" resname="Atlas_Worldmap_area07_L_add" />
  <ID808 md5="aa20" resname="Atlas_Worldmap_area07_R_add" />
  <ID809 md5="be93" resname="AniEmoji_eff_40456_add" />
  <ID810 md5="b34e" resname="AniEmoji_eff_40457_add" />
  <ID811 md5="a0e2" resname="UI_KeySkill_kuang_alpha_skill02_add" />
  <ID812 md5="382c" resname="UI_KeySkill_kuang_skill02_la" />
  <ID813 md5="5582" resname="zzp1_AniEmoji_eff_40456_add" />
  <ID814 md5="d9ae" resname="zzp1_AniEmoji_eff_40457_add" />
  <ID815 md5="cd38" resname="zzp1_ui_effect_AttackTower_add" />
  <ID816 md5="f953" resname="zzp1_ui_effect_equip_zhuan_add" />
  <ID817 md5="c502" resname="zzp1_UI_KeySkill_kuang_alpha_skill02_add" />
  <ID818 md5="b336" resname="zzp2_AniEmoji_eff_40456_add" />
  <ID819 md5="8cfe" resname="hero_bird_skin01_add" />
  <ID820 md5="091b" resname="hero_dabird_skin01_add" />
  <ID821 md5="0fa2" resname="Hero562_add" />
  <ID822 md5="c657" resname="Hero563_add" />
  <ID823 md5="7ce7" resname="Hero564_add" />
  <ID824 md5="d378" resname="Hero565_add" />
  <ID825 md5="a7ff" resname="hero_lolita_skin02_high_colour01_add" />
  <ID826 md5="f88c" resname="hero_lolita_skin02_high_colour01_weapon_add" />
  <ID827 md5="3ee3" resname="hero_bird_skin02_add" />
  <ID828 md5="f80b" resname="hero_bird_skin03_add" />
  <ID829 md5="bad0" resname="hero_bird_skin07_add" />
  <ID830 md5="4fae" resname="hero_dabird_skin02_add" />
  <ID831 md5="68c8" resname="hero_dabird_skin03_add" />
  <ID832 md5="c8c5" resname="hero_dabird_skin07_add" />
  <ID833 md5="b408" resname="hero_digger_clock_skin02_add" />
  <ID834 md5="6ea0" resname="hero_digger_egg_skin02_add" />
  <ID835 md5="aba8" resname="hero_digger_clock_skin03_add" />
  <ID836 md5="a39a" resname="hero_longmao2_skin07_add" />
  <ID837 md5="ac99" resname="hero_longmao3_skin07_add" />
  <ID838 md5="c3e4" resname="hero_digger_clock_skin04_add" />
  <ID839 md5="72c5" resname="hero_bird_skin04_add" />
  <ID840 md5="8aff" resname="hero_dabird_skin04_add" />
  <ID841 md5="99b5" resname="hero_bird_skin05_add" />
  <ID842 md5="d130" resname="hero_dabird_skin05_add" />
  <ID843 md5="97b1" resname="hero_bird_skin06_add" />
  <ID844 md5="a156" resname="hero_dabird_skin06_add" />
  <ID845 md5="9a1e" resname="PVP_049_add" />
  <ID846 md5="10e1" resname="zzp1_next_leomord_skill01_hit" />
  <ID847 md5="244d" resname="zzp2_nextalchemist_skill03_daojishi" />
  <ID848 md5="eff0" resname="zzp2_next_leomord_skill01_hit" />
  <ID849 md5="5481" resname="zzp1_next_vexana_skill03_dead" />
  <ID850 md5="b6cf" resname="zzp2_next_vexana_skill03_dead" />
  <ID851 md5="2b40" resname="zzp2_next_vexana_skill03_dead02" />
  <ID852 md5="33dc" resname="hero_leomordhores_skin_Effmod5" />
  <ID853 md5="1306" resname="hero_digger_egg_Colour01_skin02_add" />
  <ID854 md5="a543" resname="hero_digger_egg_skin03_add" />
  <ID855 md5="16b6" resname="Map1900011_add" />
  <ID856 md5="ed8d" resname="Map1900021_add" />
  <ID857 md5="e243" resname="Map1900031_add" />
  <ID858 md5="887c" resname="Map1900041_add" />
  <ID859 md5="fd18" resname="Map1900051_add" />
  <ID860 md5="9012" resname="Map1900061_add" />
  <ID861 md5="3677" resname="Map1900071_add" />
  <ID862 md5="9956" resname="Map1900081_add" />
  <ID863 md5="88e3" resname="Map1900091_add" />
  <ID864 md5="e3c7" resname="Map1900101_add" />
  <ID865 md5="c5ca" resname="Map1900111_add" />
  <ID866 md5="c8cb" resname="Map1900121_add" />
  <ID867 md5="51d4" resname="Map1900131_add" />
  <ID868 md5="8034" resname="Map1900141_add" />
  <ID869 md5="856c" resname="Map1900151_add" />
  <ID870 md5="a8c5" resname="Map1900161_add" />
  <ID871 md5="4c18" resname="Map1900171_add" />
  <ID872 md5="957f" resname="Map1900181_add" />
  <ID873 md5="ec5e" resname="Map1900191_add" />
  <ID874 md5="8619" resname="Map1900201_add" />
  <ID875 md5="df0a" resname="Map1900211_add" />
  <ID876 md5="845b" resname="Map1900221_add" />
  <ID877 md5="5698" resname="Map1900231_add" />
  <ID878 md5="256b" resname="Map1900241_add" />
  <ID879 md5="59f8" resname="show_vo_2001_m_id.bnk" />
  <ID880 md5="1dd4" resname="UI_Download_SpeedTest" />
  <ID881 md5="64eb" resname="hero_nana" />
  <ID882 md5="7e8f" resname="hero_nana_skin" />
  <ID883 md5="c0c4" resname="nana_beiji" />
  <ID884 md5="ca1f" resname="nana_skill2_hit" />
  <ID885 md5="89bd" resname="nana_atck" />
  <ID886 md5="dc94" resname="nana_skill01" />
</root>